<ImportExportXml xmlns:xsi="http://www.w3.org/2001/XMLSchema-instance">
  <Entities></Entities>
  <Roles></Roles>
  <Workflows>
    <Workflow WorkflowId="{5fc893c4-63ce-41ec-81bd-d4c3c4bcaf1b}" Name="onCreate Annotation on Case by Customer">
      <XamlFileName>/Workflows/onCreateAnnotationonCasebyCustomer-5FC893C4-63CE-41EC-81BD-D4C3C4BCAF1B.xaml</XamlFileName>
      <Type>1</Type>
      <Subprocess>0</Subprocess>
      <Category>0</Category>
      <Scope>4</Scope>
      <OnDemand>0</OnDemand>
      <TriggerOnCreate>1</TriggerOnCreate>
      <TriggerOnDelete>0</TriggerOnDelete>
      <AsyncAutodelete>0</AsyncAutodelete>
      <IsCustomizable>1</IsCustomizable>
      <PrimaryEntity>Annotation</PrimaryEntity>
    </Workflow>
    <Workflow WorkflowId="{48c715a6-2561-4c9d-bc49-1651b482bda1}" Name="onCreate Annotation on Case by Planet">
      <XamlFileName>/Workflows/onCreateAnnotationonCasebyPlanet-48C715A6-2561-4C9D-BC49-1651B482BDA1.xaml</XamlFileName>
      <Type>1</Type>
      <Subprocess>0</Subprocess>
      <Category>0</Category>
      <Scope>4</Scope>
      <OnDemand>0</OnDemand>
      <TriggerOnCreate>1</TriggerOnCreate>
      <TriggerOnDelete>0</TriggerOnDelete>
      <AsyncAutodelete>0</AsyncAutodelete>
      <IsCustomizable>1</IsCustomizable>
      <PrimaryEntity>Annotation</PrimaryEntity>
    </Workflow>
    <Workflow WorkflowId="{815a8f46-3901-4f7e-bab8-26d13e6998c6}" Name="onCreate Case - Send Notification Mail">
      <XamlFileName>/Workflows/onCreateCase-SendNotificationMail-815A8F46-3901-4F7E-BAB8-26D13E6998C6.xaml</XamlFileName>
      <Type>1</Type>
      <Subprocess>0</Subprocess>
      <Category>0</Category>
      <Scope>4</Scope>
      <OnDemand>1</OnDemand>
      <TriggerOnCreate>1</TriggerOnCreate>
      <TriggerOnDelete>0</TriggerOnDelete>
      <AsyncAutodelete>1</AsyncAutodelete>
      <IsCustomizable>1</IsCustomizable>
      <PrimaryEntity>Incident</PrimaryEntity>
    </Workflow>
  </Workflows>
  <FieldSecurityProfiles></FieldSecurityProfiles>
  <Templates />
  <EntityMaps />
  <EntityRelationships />
  <OrganizationSettings />
  <optionsets />
  <Languages>
    <Language>1033</Language>
  </Languages>
</ImportExportXml>